{
  "network": {
    "circuity_sample_ratio": 72999.2197245714,
    "intersection_density_global": 139.87668753539745,
    "link_node_ratio_global": 3.014389213121353
  },
  "scores": {
    "accessibility_mean": 0.01645200241497283,
    "walkability_mean": 0.38145850888028077,
    "equity_mean": 0.9737524781196519,
    "travel_time_min_mean": 0.0
  }
}