{
  "min_vals": [
    0.0,
    0.0,
    0.0,
    0.0,
    0.0,
    0.0,
    0.0,
    627858.3653677902,
    2483524.8979506223,
    2.0,
    2.3446925579992617,
    4.119497777218274
  ],
  "max_vals": [
    11502.265568057312,
    7414.323014500137,
    7583.9464889159,
    9544.842084710188,
    11216.960913170582,
    9487.99108471019,
    7602.860066939815,
    650156.4478181374,
    2501944.401676702,
    58.0,
    217.62744294006887,
    96.18164563332896
  ],
  "feature_names": [
    "dist_to_bank",
    "dist_to_bus_station",
    "dist_to_hospital",
    "dist_to_park",
    "dist_to_pharmacy",
    "dist_to_school",
    "dist_to_supermarket",
    "x",
    "y",
    "degree",
    "travel_time_min",
    "accessibility_score"
  ]
}