{
  "min_vals": [
    0.0,
    0.0,
    0.0,
    0.0,
    0.0,
    0.0,
    0.0,
    766942.3046346956,
    1420334.466924592,
    2.0,
    2.333881450816473,
    8.965904693341452
  ],
  "max_vals": [
    5607.138331164163,
    9363.405488171831,
    5904.1012856022,
    4657.3711451625195,
    5634.725842009694,
    4086.402218896642,
    6549.903650798084,
    801200.7209190753,
    1454293.1782714752,
    88.0,
    152.34114134113037,
    96.13436745764994
  ],
  "feature_names": [
    "dist_to_bank",
    "dist_to_bus_station",
    "dist_to_hospital",
    "dist_to_park",
    "dist_to_pharmacy",
    "dist_to_school",
    "dist_to_supermarket",
    "x",
    "y",
    "degree",
    "travel_time_min",
    "accessibility_score"
  ]
}