{
  "generation": 1,
  "candidate": "bus_station:10035832552,10094480905,10094964485,10094964493,10095028665,10173255727,10206649677,10206651839,10206675601,10216395659,12198639885,12435547104,1570467184,355839932,3881296518,3881296519,4029960172,543360910,6749078122,6749764311,7089243669,7089247216,7089247225,7090556074,7090558194,7298266847,7298266863,7429013811,7482957145,7482999974,7483009778,7484505048,9186471994,9186471998,9188733546,9188733557,9620224902,9620224903,9620224904,9784623498|hospital:10187619310,10206957252,11385007625,12157495772,12157495774,12686262443,12686262450,12686348981,12738270732,12738300812,12738309167,2248079859,2248079880,2248079892,2250057970,3034669692,3034669702,7279291006,7279291013,7331215226,7384756368,7396718553,7396718565,7451032924,9605401073|park:10035779101,10035779104,10062963514,10062966621,10063075624,10094480914,10103226300,10196831305,12686262441,12686348982,12686348985,12738300816,12768091259,5329111455,5810244695,7377821404,7383843790,7383997822,7383997859,7383997864,7462094584,7465515123,7484505037,9188743001,9953920291|pharmacy:11393711844,11411896070,12260393126,12366307885,12738296165,13057568253,13295961105,2146206366,2146206376,2146206402,2247838125,2247838143,2248079855,2248172153,2396285164,3034669701,3034669721,3034669726,3034669835,3818748069,7279261769,7383827837,7383997900,7451032924,951469949|school:10039003847,10063673429,10063673440,10206957230,10293847415,10839067724,11411458601,12260393126,2146206195,2248079865,2248079870,3034693652,3034693653,355839931,3818840983,420079003,5177481022,5177481026,6311454527,7331199049,7331215085,7331215122,7331215138,7331215143,7331215144,7413982750,7428873773,7462101991,7616136964,9953920284|supermarket:10206790768,10208699808,10208740948,1118407993,12157495774,12686262439,12738270729,12738296165,12738296166,1566568900,2396256930,2419063863,3034669694,3034669705,3034669712,3034669835,3034669941,3034669974,3034670015,3034693650,6143098258,7279290950,7383827874,7383997865,7383997870,7384110691,7384411563,7451032919,9605401068,9976821043",
  "template": null,
  "metrics": {
    "fitness": 0.0,
    "distance_gain": 0.0,
    "travel_penalty": 20.82151786764706,
    "diversity_penalty": 2716.017978348184,
    "proximity_penalty": 0.0,
    "placements": {
      "school": 30,
      "hospital": 25,
      "pharmacy": 25,
      "supermarket": 30,
      "bus_station": 40,
      "park": 25
    },
    "best_distances": {
      "school": 2036.191,
      "hospital": 4203.356000000002,
      "pharmacy": 3536.733,
      "supermarket": 3283.056,
      "bus_station": 3573.0370000000007,
      "park": 1361.374
    },
    "amenity_scores": {
      "school": 0.0,
      "hospital": 0.0,
      "pharmacy": 0.0,
      "supermarket": 0.0,
      "bus_station": 0.0,
      "park": 0.0
    }
  }
}