{
  "generation": 1,
  "candidate": "bus_station:10035779087,10063075626,10173255726,10181924587,10206695058,10805316332,2247955433,4029957287,6753376859,9784623499|hospital:10196274112,12686348965,1942843580,2248172150,3034669668|park:10035779098,10062966621,10206790746,10207162470,10805316332,11294837803,11432074477,2248172229,2250057681,3818748069,7331199049,7465515110|pharmacy:11381108849,11411896071,11932127247,2146206387,2248079802,2248172150,3034669701,4948727366,7279291138,7402050709,9778491243|school:10062966621,10287783902,10805316331,11411801234,11432069563,2146206151,2250670130,7265924679,7331199043,7377821404|supermarket:10063134553,10685130175,11422215595",
  "template": null,
  "metrics": {
    "fitness": 0.0,
    "distance_gain": 0.0,
    "travel_penalty": 21.62718931818182,
    "diversity_penalty": 253517.97017019245,
    "proximity_penalty": 0.0,
    "placements": {
      "school": 10,
      "hospital": 5,
      "pharmacy": 11,
      "supermarket": 3,
      "bus_station": 10,
      "park": 12
    },
    "best_distances": {
      "school": 1818.0040000000001,
      "hospital": 4339.111999999999,
      "pharmacy": 3929.167999999999,
      "supermarket": 3263.754999999999,
      "bus_station": 3650.802000000001,
      "park": 1509.4569999999999
    },
    "amenity_scores": {
      "school": 0.0,
      "hospital": 0.0,
      "pharmacy": 0.0,
      "supermarket": 0.0,
      "bus_station": 0.0,
      "park": 0.0
    }
  }
}