{
  "generation": 1,
  "candidate": "bank:30258,49461,52320,68431,70198,72677|bus_station:17450,24231,36315,45147,50143,59423,69447,71987|hospital:23703,44245,49316,50140,73830|park:51482,56567,65142,68471,70196,70738,74247,75174,76266|pharmacy:23672,23723,38657,50072,63018,71168|school:45471,52249,53016,54508,61077,69943,70722,71078|supermarket:23664,50110,56547,56673,70195",
  "template": null,
  "metrics": {
    "fitness": 0.0,
    "distance_gain": 0.0,
    "travel_penalty": 95.39004391322861,
    "diversity_penalty": 224942.7946330209,
    "proximity_penalty": 0.0,
    "placements": {
      "school": 8,
      "hospital": 5,
      "pharmacy": 6,
      "supermarket": 5,
      "bus_station": 8,
      "park": 9,
      "bank": 6
    },
    "best_distances": {
      "school": 2074.7690119345516,
      "hospital": 3835.6766267522817,
      "pharmacy": 4068.1070526519943,
      "supermarket": 4334.660331002883,
      "bus_station": 6676.444983142413,
      "park": 1300.8778567903648,
      "bank": 4071.344095326331
    },
    "amenity_scores": {
      "school": 0.0,
      "hospital": 0.0,
      "pharmacy": 0.0,
      "supermarket": 0.0,
      "bus_station": 0.0,
      "park": 0.0,
      "bank": 0.0
    }
  }
}