{
  "generation": 1,
  "candidate": "bus_station:10206640491,10206649677,10206649678,10206651836,11402931726,11403024188,11403024197,11886145802,3527684832,6749078127,6749764304,7089243661,7089247218,7090520511,7090520583,7090556074,7090556079,7090556080,7482957256,9781149511|hospital:10187694723,11431558280,12738316920,12738316924,12738357302,1588453602,2248079762,2248079776,2248079832,2248079848,2248079859,2396285202,3034669668,3034669694,3034669705,7279290962,7331215226,7383827842,7467062446,9605401075|park:11432074469,12686262443,12686262444,12686262451,12686348965,12686348988,12768091261,12768091262,12768091263,4948727361,5286433518,7279290962,7331215149,7383827876,7383997826,7383997864,7383997874,7383997877,7384110691,7467062470|pharmacy:11235520042,11411896081,11431558280,12738316922,12768091263,2247838145,2419063855,3034669667,3034669672,3034669708,4948727366,7279290952,7279291006,7279291028,7279291155,7384110715,7384411563,7428873737,7428873776,9605401068|school:10181924588,10187694723,10206949507,11411801235,11411896071,11411896073,11412099965,13254533797,2146206157,2248079859,2248079933,2250670196,420079001,4948727359,7331215076,7413982733,7413982743,7425452606,7428873775,7428873777|supermarket:10208699808,10208740948,11381108850,12157495769,12157495770,12686348963,12738270730,12738296166,12738357302,12768091262,12768091263,2419063863,7279261775,7383997868,7383997870,7384110696,7451032924,9605401034,9605401099,9976821048",
  "template": null,
  "metrics": {
    "fitness": 0.0,
    "distance_gain": 2.0104120193505963,
    "travel_penalty": 22.61705111607143,
    "diversity_penalty": 2319.3195364287867,
    "proximity_penalty": 0.0,
    "placements": {
      "school": 20,
      "hospital": 20,
      "pharmacy": 20,
      "supermarket": 20,
      "bus_station": 20,
      "park": 20
    },
    "best_distances": {
      "school": 2872.085,
      "hospital": 4746.043000000001,
      "pharmacy": 4056.718,
      "supermarket": 5483.495999999997,
      "bus_station": 8174.472000000003,
      "park": 2330.732
    },
    "amenity_scores": {
      "school": 0.2794725878280664,
      "hospital": 0.3354635717435042,
      "pharmacy": 0.3767146953041094,
      "supermarket": 0.3734654925448029,
      "bus_station": 0.36173581170603963,
      "park": 0.2835598602240738
    }
  }
}