{
  "generation": 71,
  "candidate": "bus_station:4029960024,9620224904|hospital:7265924663,7384411563|park:11385643504,7383997856|pharmacy:12285362614,3034693652,4029960027,420079000,7331215226,7402050696|school:2248079848,4948727360,7208384011,7331215076,9188742992|supermarket:3034670040,4029957287",
  "template": null,
  "metrics": {
    "fitness": 3.535848914946503,
    "distance_gain": 3.547121895209661,
    "travel_penalty": 22.545960526315792,
    "diversity_penalty": 0.0,
    "proximity_penalty": 0.0,
    "placements": {
      "school": 5,
      "bus_station": 2,
      "park": 2,
      "supermarket": 2,
      "pharmacy": 6,
      "hospital": 2
    },
    "best_distances": {
      "school": 1755.4939999999997,
      "bus_station": 3933.9110000000005,
      "park": 2740.241,
      "supermarket": 2012.21,
      "pharmacy": 2571.9879999999994,
      "hospital": 3277.622
    },
    "amenity_scores": {
      "school": 0.45713136509433017,
      "bus_station": 0.7515699846832622,
      "park": 0.24119936919081542,
      "supermarket": 1.0174149740960954,
      "pharmacy": 0.5940960470861117,
      "hospital": 0.48571015505904613
    }
  }
}