{
  "generation": 75,
  "best_fitness": 0.0,
  "operator_credits": {
    "crossover": 1998,
    "mutation": 6122,
    "local_search": 0
  },
  "elapsed_seconds": 38.577959299087524,
  "timestamp": 1767538703.3952508
}