{
  "generation": 25,
  "best_fitness": 0.0,
  "operator_credits": {
    "crossover": 428,
    "mutation": 1510,
    "local_search": 0
  },
  "elapsed_seconds": 93.89886260032654,
  "timestamp": 1767885276.8591535
}