{
  "generation": 75,
  "best_fitness": 3.535848914946503,
  "operator_credits": {
    "crossover": 2020,
    "mutation": 6210,
    "local_search": 694
  },
  "elapsed_seconds": 162.60758519172668,
  "timestamp": 1767367631.8252418
}