{
  "generation": 25,
  "best_fitness": 103.77640999785054,
  "operator_credits": {
    "crossover": 424,
    "mutation": 1541,
    "local_search": 733
  },
  "elapsed_seconds": 29.876379013061523,
  "timestamp": 1768584919.5569615
}