{
  "generation": 80,
  "best_fitness": 0.0,
  "operator_credits": {
    "crossover": 2163,
    "mutation": 6423,
    "local_search": 0
  },
  "elapsed_seconds": 29.956728219985962,
  "timestamp": 1767452596.9522524
}