{
  "generation": 75,
  "best_fitness": 0.0,
  "operator_credits": {
    "crossover": 1997,
    "mutation": 5870,
    "local_search": 0
  },
  "elapsed_seconds": 27.403990745544434,
  "timestamp": 1767524959.131006
}