{
  "network": {},
  "scores": {
    "accessibility_mean": 57.411409678468885,
    "travel_time_min_mean": 24.51658496342416,
    "travel_time_score_mean": 59.835857055656334,
    "walkability_mean": 57.837817285144595,
    "equity_mean": 95.50849732035618
  }
}