{
  "best_candidate": "bus_station:10035779087,10035779098,10035779104,10035832552,10035832565,10035832573,10063075626,10063075629,10094964485,10095028664,10103226300,10173255726,10181924587,10181962059,10206695058,10805316332,11409061198,11409110373,11412130674,2247955433,3881296519,4029957287,420078997,6749078131,6749129040,6749764295,6753376859,7089243648,7090556079,7090777417,7146503618,7413982742,7428873761,7452889836,7482957241,7483009778,9188733547,9188733548,9620224888,9784623499|hospital:10196274112,12686348965,12686348982,12738300814,12738351266,12768091257,12768091259,1414325928,1942843580,2248079802,2248079806,2248172150,2419051637,3034669668,3034669669,3034669860,3034669866,7279291156,7383997859,7383997860,7384110696,7384110714,7397142239,7451032924,9805550176|park:10035779098,10062966621,10094964492,10206790746,10207162470,10805316332,11294837803,11432074477,12686262443,12738300811,12768091259,2248172229,2250057681,3818748069,7279291013,7331199049,7331215137,7377821398,7383827874,7383827876,7383997841,7462101885,7465515110,7616136966,9186472002|pharmacy:11381108849,11411896071,11411896073,11932127247,12738270728,12738300817,12738316925,12768091261,2146206387,2146206390,2247838141,2248079802,2248079871,2248172150,3034669701,4948727366,7279291013,7279291138,7279291153,7298266857,7383827843,7402050709,7451382879,7463750615,9778491243|school:10062966621,10062966623,10287783902,10805316331,11411801234,11432069563,11432069568,2146206151,2146206153,2146206154,2146206172,2146206185,2146206202,2248079762,2248079798,2248079846,2248079857,2248079866,2250670130,7208384032,7265924679,7331199043,7331215022,7377821404,7413982748,7425452599,7456061751,7616113576,7616136933,7616136966|supermarket:10063134553,10063679724,10685130175,11422215595,12157495772,12686348985,12686348986,2224646199,2224646205,2224646264,2396285171,2419063863,3034669687,3034669842,3034669882,7279261768,7279290950,7279291001,7279291132,7279291143,7383997841,7383997857,7383997868,7451032924,9605401050,9605401075,9605401081,9605401082,9605401090,9781258148",
  "best_metrics": {
    "fitness": 0.0,
    "distance_gain": 0.0,
    "travel_penalty": 21.62718931818182,
    "diversity_penalty": 253517.97017019245,
    "proximity_penalty": 0.0,
    "placements": {
      "school": 30,
      "hospital": 25,
      "pharmacy": 25,
      "supermarket": 30,
      "bus_station": 40,
      "park": 25
    },
    "best_distances": {
      "school": 1818.0040000000001,
      "hospital": 4339.111999999999,
      "pharmacy": 3929.167999999999,
      "supermarket": 3263.754999999999,
      "bus_station": 3650.802000000001,
      "park": 1509.4569999999999
    },
    "amenity_scores": {
      "school": 0.0,
      "hospital": 0.0,
      "pharmacy": 0.0,
      "supermarket": 0.0,
      "bus_station": 0.0,
      "park": 0.0
    }
  },
  "history": [
    {
      "generation": 1,
      "best_fitness": 0.0,
      "operator_credits": {
        "crossover": 0,
        "mutation": 0,
        "local_search": 0
      }
    },
    {
      "generation": 2,
      "best_fitness": 0.0,
      "operator_credits": {
        "crossover": 26,
        "mutation": 84,
        "local_search": 0
      }
    },
    {
      "generation": 3,
      "best_fitness": 0.0,
      "operator_credits": {
        "crossover": 59,
        "mutation": 167,
        "local_search": 0
      }
    },
    {
      "generation": 4,
      "best_fitness": 0.0,
      "operator_credits": {
        "crossover": 87,
        "mutation": 238,
        "local_search": 0
      }
    },
    {
      "generation": 5,
      "best_fitness": 0.0,
      "operator_credits": {
        "crossover": 115,
        "mutation": 331,
        "local_search": 0
      }
    },
    {
      "generation": 6,
      "best_fitness": 0.0,
      "operator_credits": {
        "crossover": 141,
        "mutation": 417,
        "local_search": 0
      }
    },
    {
      "generation": 7,
      "best_fitness": 0.0,
      "operator_credits": {
        "crossover": 169,
        "mutation": 490,
        "local_search": 0
      }
    },
    {
      "generation": 8,
      "best_fitness": 0.0,
      "operator_credits": {
        "crossover": 198,
        "mutation": 583,
        "local_search": 0
      }
    },
    {
      "generation": 9,
      "best_fitness": 0.0,
      "operator_credits": {
        "crossover": 225,
        "mutation": 667,
        "local_search": 0
      }
    },
    {
      "generation": 10,
      "best_fitness": 0.0,
      "operator_credits": {
        "crossover": 255,
        "mutation": 755,
        "local_search": 0
      }
    },
    {
      "generation": 11,
      "best_fitness": 0.0,
      "operator_credits": {
        "crossover": 277,
        "mutation": 842,
        "local_search": 0
      }
    },
    {
      "generation": 12,
      "best_fitness": 0.0,
      "operator_credits": {
        "crossover": 304,
        "mutation": 924,
        "local_search": 0
      }
    },
    {
      "generation": 13,
      "best_fitness": 0.0,
      "operator_credits": {
        "crossover": 336,
        "mutation": 992,
        "local_search": 0
      }
    },
    {
      "generation": 14,
      "best_fitness": 0.0,
      "operator_credits": {
        "crossover": 367,
        "mutation": 1090,
        "local_search": 0
      }
    },
    {
      "generation": 15,
      "best_fitness": 0.0,
      "operator_credits": {
        "crossover": 393,
        "mutation": 1189,
        "local_search": 0
      }
    },
    {
      "generation": 16,
      "best_fitness": 0.0,
      "operator_credits": {
        "crossover": 421,
        "mutation": 1277,
        "local_search": 0
      }
    },
    {
      "generation": 17,
      "best_fitness": 0.0,
      "operator_credits": {
        "crossover": 452,
        "mutation": 1357,
        "local_search": 0
      }
    },
    {
      "generation": 18,
      "best_fitness": 0.0,
      "operator_credits": {
        "crossover": 475,
        "mutation": 1444,
        "local_search": 0
      }
    },
    {
      "generation": 19,
      "best_fitness": 0.0,
      "operator_credits": {
        "crossover": 501,
        "mutation": 1519,
        "local_search": 0
      }
    },
    {
      "generation": 20,
      "best_fitness": 0.0,
      "operator_credits": {
        "crossover": 528,
        "mutation": 1601,
        "local_search": 0
      }
    },
    {
      "generation": 21,
      "best_fitness": 0.0,
      "operator_credits": {
        "crossover": 556,
        "mutation": 1686,
        "local_search": 0
      }
    },
    {
      "generation": 22,
      "best_fitness": 0.0,
      "operator_credits": {
        "crossover": 581,
        "mutation": 1768,
        "local_search": 0
      }
    },
    {
      "generation": 23,
      "best_fitness": 0.0,
      "operator_credits": {
        "crossover": 612,
        "mutation": 1852,
        "local_search": 0
      }
    },
    {
      "generation": 24,
      "best_fitness": 0.0,
      "operator_credits": {
        "crossover": 642,
        "mutation": 1933,
        "local_search": 0
      }
    },
    {
      "generation": 25,
      "best_fitness": 0.0,
      "operator_credits": {
        "crossover": 669,
        "mutation": 2018,
        "local_search": 0
      }
    },
    {
      "generation": 26,
      "best_fitness": 0.0,
      "operator_credits": {
        "crossover": 698,
        "mutation": 2093,
        "local_search": 0
      }
    },
    {
      "generation": 27,
      "best_fitness": 0.0,
      "operator_credits": {
        "crossover": 724,
        "mutation": 2162,
        "local_search": 0
      }
    },
    {
      "generation": 28,
      "best_fitness": 0.0,
      "operator_credits": {
        "crossover": 747,
        "mutation": 2242,
        "local_search": 0
      }
    },
    {
      "generation": 29,
      "best_fitness": 0.0,
      "operator_credits": {
        "crossover": 775,
        "mutation": 2339,