{
  "min_vals": [
    0.0,
    0.0,
    0.0,
    0.0,
    0.0,
    0.0,
    0.0,
    287915.9339505675,
    2102289.6106739016,
    2.0,
    5.861715567602304,
    6.835591643403641
  ],
  "max_vals": [
    5838.994847826994,
    6515.788842754136,
    5229.68488273435,
    5086.794724822349,
    8344.515436804084,
    5050.299765160764,
    5363.326929716944,
    294522.9882273657,
    2122870.700006432,
    28.0,
    163.53198097096424,
    90.90361787210992
  ],
  "feature_names": [
    "dist_to_bank",
    "dist_to_bus_station",
    "dist_to_hospital",
    "dist_to_park",
    "dist_to_pharmacy",
    "dist_to_school",
    "dist_to_supermarket",
    "x",
    "y",
    "degree",
    "travel_time_min",
    "accessibility_score"
  ]
}