{
  "min_vals": [
    0.0,
    0.0,
    0.0,
    0.0,
    0.0,
    0.0,
    0.0,
    406811.7622497829,
    1420933.958988367,
    2.0,
    4.384041679448045,
    4.179759070435949
  ],
  "max_vals": [
    10090.027821419091,
    9862.596332907158,
    6161.914102394917,
    8535.456569563385,
    9858.669661560818,
    9696.726988116672,
    12525.233050361961,
    427480.2793169352,
    1462838.4415450958,
    96.0,
    240.43892862907848,
    92.979119959759
  ],
  "feature_names": [
    "dist_to_bank",
    "dist_to_bus_station",
    "dist_to_hospital",
    "dist_to_park",
    "dist_to_pharmacy",
    "dist_to_school",
    "dist_to_supermarket",
    "x",
    "y",
    "degree",
    "travel_time_min",
    "accessibility_score"
  ]
}