{
  "network": {
    "circuity_sample_ratio": 1.2109098017238868,
    "intersection_density_global": 119.16111979877999,
    "link_node_ratio_global": 2.6758182347097286
  },
  "scores": {
    "accessibility_mean": 67.44346310565886,
    "walkability_mean": 64.91228319612412,
    "equity_mean": 95.4631286064204,
    "travel_time_min_mean": 27.47429428478049,
    "travel_time_score_mean": 55.55488884619657
  }
}