{
  "network": {
    "circuity_sample_ratio": 1.2535364270170029,
    "intersection_density_global": 63.962362099315314,
    "link_node_ratio_global": 3.4427017060946805
  },
  "scores": {
    "accessibility_mean": 66.79349487018472,
    "walkability_mean": 64.51277464998458,
    "equity_mean": 97.00990553735386,
    "travel_time_min_mean": 28.44504186009737,
    "travel_time_score_mean": 54.412362855233674
  }
}