{
  "network": {
    "circuity_sample_ratio": 1.2535364270170428,
    "intersection_density_global": 63.962362099315314,
    "link_node_ratio_global": 3.4427017060946805
  },
  "scores": {
    "accessibility_mean": 66.79349487018504,
    "walkability_mean": 64.51277418516497,
    "equity_mean": 97.0099055373529,
    "travel_time_min_mean": 28.445041860097152,
    "travel_time_score_mean": 54.41236285523395
  }
}