{
  "network": {
    "circuity_sample_ratio": 1.2109098017238855,
    "intersection_density_global": 119.16111979877999,
    "link_node_ratio_global": 2.6758182347097286
  },
  "scores": {
    "accessibility_mean": 0.06120168973163319,
    "walkability_mean": 0.2881629150105634,
    "equity_mean": 0.9432112321089692,
    "travel_time_min_mean": 4.408670731814414,
    "travel_time_score_mean": 0.29064415242199276
  }
}