{
  "network": {
    "circuity_sample_ratio": 1.2109098017238868,
    "intersection_density_global": 119.16111979877999,
    "link_node_ratio_global": 2.6758182347097286
  },
  "scores": {
    "accessibility_mean": 66.51869445263935,
    "walkability_mean": 65.33864924368817,
    "equity_mean": 95.50849732035618,
    "travel_time_min_mean": 27.47429428478049,
    "travel_time_score_mean": 57.477271082843984
  }
}