{
  "network": {
    "circuity_sample_ratio": 1.2109098017238868,
    "intersection_density_global": 119.16111979877999,
    "link_node_ratio_global": 2.6758182347097286
  },
  "scores": {
    "accessibility_mean": 2.1368942142178837,
    "walkability_mean": 6.915282452639018,
    "equity_mean": 82.27688883460509,
    "travel_time_min_mean": 4.408670731814414,
    "travel_time_score_mean": 28.381823799302744
  }
}