{
  "network": {
    "circuity_sample_ratio": 1.2535364270170428,
    "intersection_density_global": 63.962362099315314,
    "link_node_ratio_global": 3.4427017060946805
  },
  "scores": {
    "accessibility_mean": 67.38782419428391,
    "walkability_mean": 65.00574005473051,
    "equity_mean": 95.43516667330273,
    "travel_time_min_mean": 27.15154503031915,
    "travel_time_score_mean": 55.37475639012351
  },
  "local_impact": {
    "affected_node_count": 8318,
    "avg_reduction_min": 11.921043650222282,
    "baseline_avg_min": 52.46610849910296,
    "optimized_avg_min": 40.54506484888068
  }
}