{
  "network": {
    "circuity_sample_ratio": 1.2535364270170029,
    "intersection_density_global": 63.962362099315314,
    "link_node_ratio_global": 3.4427017060946805
  },
  "scores": {
    "accessibility_mean": 67.63765399536705,
    "walkability_mean": 65.26509613787404,
    "equity_mean": 95.07784130554414,
    "travel_time_min_mean": 26.55876570181283,
    "travel_time_score_mean": 56.14833684857446
  }
}