{
  "network": {
    "circuity_sample_ratio": 1.2109098017238855,
    "intersection_density_global": 119.16111979877999,
    "link_node_ratio_global": 2.6758182347097286
  },
  "scores": {
    "accessibility_mean": 0.011842881558180625,
    "walkability_mean": 0.25061646434648394,
    "equity_mean": 0.9911681397752624,
    "travel_time_min_mean": 16.73045578074658,
    "travel_time_score_mean": 0.10801542623561149
  }
}