{
  "network": {
    "circuity_sample_ratio": 1.2109098017238868,
    "intersection_density_global": 119.16111979877999,
    "link_node_ratio_global": 2.6758182347097286
  },
  "scores": {
    "accessibility_mean": 2.1404510821379374,
    "walkability_mean": 6.91953788118562,
    "equity_mean": 82.213872944414,
    "travel_time_min_mean": 4.355405106316997,
    "travel_time_score_mean": 28.310563505453935
  }
}