{
  "network": {
    "circuity_sample_ratio": 1.2535364270170428,
    "intersection_density_global": 63.962362099315314,
    "link_node_ratio_global": 3.4427017060946805
  },
  "scores": {
    "accessibility_mean": 67.61604558360239,
    "walkability_mean": 65.31255293239852,
    "equity_mean": 96.26907389491785,
    "travel_time_min_mean": 26.563013208343737,
    "travel_time_score_mean": 56.20016044144838
  }
}