{
  "network": {
    "circuity_sample_ratio": 1.2109098017238868,
    "intersection_density_global": 119.16111979877999,
    "link_node_ratio_global": 2.6758182347097286
  },
  "scores": {
    "accessibility_mean": 68.01142599754304,
    "walkability_mean": 65.36099208895577,
    "equity_mean": 93.07244203280284,
    "travel_time_min_mean": 26.201400861692644,
    "travel_time_score_mean": 56.69361792624857
  }
}