{
  "min_vals": [
    0.0,
    0.0,
    0.0,
    0.0,
    0.0,
    0.0,
    0.0,
    663343.2105212668,
    3394272.5357047836,
    2.0,
    9.41644127215958,
    8.633292948717074
  ],
  "max_vals": [
    4592.21592434074,
    8415.308645961915,
    4918.849079610222,
    4158.7110608589455,
    8836.586782692402,
    3958.189699791841,
    5427.432789873654,
    676916.7876424396,
    3407926.442872719,
    34.0,
    159.67612358280235,
    86.65096709299627
  ],
  "feature_names": [
    "dist_to_bank",
    "dist_to_bus_station",
    "dist_to_hospital",
    "dist_to_park",
    "dist_to_pharmacy",
    "dist_to_school",
    "dist_to_supermarket",
    "x",
    "y",
    "degree",
    "travel_time_min",
    "accessibility_score"
  ]
}