{
  "generation": 9,
  "candidate": "bus_station:10020025539,10991934818,9778565540|hospital:10035832527,10216399582,12198639893,2250391981,3500405712,6152842755,6194003063,7463811487,9188733557,9188742957|park:10701069506,11235520056,13275612576,1508840290,2246195818,2246589367,2247956013,3303485467,4948727676,7397405869,951469727,9619931161,9778565571|pharmacy:1508857012,2248506195,7488385836|school:10079790281,10081129032,10149179395,10173207354,10185467221,11434358189,11630611790,2246195887,2248511532,2250057977,2463920244,3034669872,4950460548,6454665379,7146519757,7265733826,7405363471,7466834585,9605401026|supermarket:10081121013,7265940648",
  "template": null,
  "metrics": {
    "fitness": 7.90374311595372,
    "distance_gain": 7.91126035345372,
    "travel_penalty": 15.034474999999997,
    "placements": {
      "hospital": 10,
      "supermarket": 2,
      "pharmacy": 3,
      "school": 19,
      "bus_station": 3,
      "park": 13
    },
    "best_distances": {
      "hospital": 1200.7020000000002,
      "supermarket": 1204.5010000000002,
      "pharmacy": 1201.6739999999998,
      "school": 1200.076,
      "bus_station": 1232.804,
      "park": 1200.032
    },
    "amenity_scores": {
      "hospital": 1.3251704665549358,
      "supermarket": 1.6991026967211142,
      "pharmacy": 1.2710027821338121,
      "school": 0.6685243065384706,
      "bus_station": 2.396945544024821,
      "park": 0.5505145574805668
    }
  }
}