{
  "min_vals": [
    0.0,
    0.0,
    0.0,
    0.0,
    0.0,
    0.0,
    0.0,
    766942.3046346958,
    1420334.466924592,
    2.0,
    2.3338814508166803,
    8.965904693335716
  ],
  "max_vals": [
    4086.402218895866,
    5904.101285603455,
    5634.725842011419,
    6549.903650799137,
    9363.405488171851,
    4657.371145165212,
    5607.1383311659165,
    801200.7209190754,
    1454293.1782714752,
    88.0,
    152.34114134116618,
    96.13436745764949
  ],
  "feature_names": [
    "dist_to_school",
    "dist_to_hospital",
    "dist_to_pharmacy",
    "dist_to_supermarket",
    "dist_to_bus_station",
    "dist_to_park",
    "dist_to_bank",
    "x",
    "y",
    "degree",
    "travel_time_min",
    "accessibility_score"
  ]
}